{"version":"3.4.0","objects":[{"type":"group","version":"3.4.0","originX":"center","originY":"center","left":375,"top":663,"width":750,"height":1326,"stroke":"#000000","strokeWidth":0,"strokeDashArray":null,"strokeLineCap":"butt","strokeDashOffset":0,"strokeLineJoin":"miter","strokeMiterLimit":4,"scaleX":1,"scaleY":1,"angle":0,"flipX":false,"flipY":false,"opacity":1,"shadow":"","visible":true,"clipTo":null,"backgroundColor":"","fillRule":"nonzero","paintFirst":"fill","globalCompositeOperation":"source-over","transformMatrix":null,"skewX":0,"skewY":0,"objects":[{"type":"image","version":"3.4.0","originX":"center","originY":"center","left":0,"top":0,"width":1125,"height":1986,"fill":"rgb(0,0,0)","stroke":null,"strokeWidth":0,"strokeDashArray":null,"strokeLineCap":"butt","strokeDashOffset":0,"strokeLineJoin":"miter","strokeMiterLimit":4,"scaleX":0.67,"scaleY":0.67,"angle":0,"flipX":false,"flipY":false,"opacity":1,"shadow":"","visible":true,"clipTo":null,"backgroundColor":"","fillRule":"nonzero","paintFirst":"fill","globalCompositeOperation":"source-over","transformMatrix":null,"skewX":0,"skewY":0,"clipPath":{"type":"rect","version":"3.4.0","originX":"center","originY":"center","left":0,"top":0,"width":750,"height":1326,"fill":"rgb(0,0,0)","stroke":null,"strokeWidth":1,"strokeDashArray":null,"strokeLineCap":"butt","strokeDashOffset":0,"strokeLineJoin":"miter","strokeMiterLimit":4,"scaleX":1.5,"scaleY":1.5,"angle":0,"flipX":false,"flipY":false,"opacity":1,"shadow":null,"visible":true,"clipTo":null,"backgroundColor":"","fillRule":"nonzero","paintFirst":"fill","globalCompositeOperation":"source-over","transformMatrix":null,"skewX":0,"skewY":0,"rx":0,"ry":0,"inverted":false,"absolutePositioned":false},"crossOrigin":"","cropX":0,"cropY":0,"src":"https://containeruatstorage.blob.core.chinacloudapi.cn/remy/images/aroma2.png","filters":[]},{"type":"rect","version":"3.4.0","originX":"center","originY":"center","left":0,"top":0,"width":750,"height":1326,"fill":"rgba(0,0,0,0)","stroke":"#000000","strokeWidth":0,"strokeDashArray":null,"strokeLineCap":"butt","strokeDashOffset":0,"strokeLineJoin":"miter","strokeMiterLimit":4,"scaleX":1,"scaleY":1,"angle":0,"flipX":false,"flipY":false,"opacity":1,"shadow":"","visible":true,"clipTo":null,"backgroundColor":"","fillRule":"nonzero","paintFirst":"fill","globalCompositeOperation":"source-over","transformMatrix":null,"skewX":0,"skewY":0,"rx":0,"ry":0}],"mytype":"image","mode":"scaleToFill","url":"https://containeruatstorage.blob.core.chinacloudapi.cn/remy/images/aroma2.png","rx":0,"oldScaleX":0.6666666666666666,"oldScaleY":0.6676737160120846,"myshadow":""},{"type":"group","version":"3.4.0","originX":"center","originY":"center","left":375.5,"top":430.5,"width":185,"height":185,"stroke":"#000000","strokeWidth":0,"strokeDashArray":null,"strokeLineCap":"butt","strokeDashOffset":0,"strokeLineJoin":"miter","strokeMiterLimit":4,"scaleX":1,"scaleY":1,"angle":0,"flipX":false,"flipY":false,"opacity":1,"shadow":"","visible":true,"clipTo":null,"backgroundColor":"","fillRule":"nonzero","paintFirst":"fill","globalCompositeOperation":"source-over","transformMatrix":null,"skewX":0,"skewY":0,"objects":[{"type":"image","version":"3.4.0","originX":"center","originY":"center","left":0,"top":0,"width":278,"height":279,"fill":"rgb(0,0,0)","stroke":null,"strokeWidth":0,"strokeDashArray":null,"strokeLineCap":"butt","strokeDashOffset":0,"strokeLineJoin":"miter","strokeMiterLimit":4,"scaleX":0.67,"scaleY":0.66,"angle":0,"flipX":false,"flipY":false,"opacity":1,"shadow":"","visible":true,"clipTo":null,"backgroundColor":"","fillRule":"nonzero","paintFirst":"fill","globalCompositeOperation":"source-over","transformMatrix":null,"skewX":0,"skewY":0,"clipPath":{"type":"rect","version":"3.4.0","originX":"center","originY":"center","left":0,"top":0,"width":185,"height":185,"fill":"rgb(0,0,0)","stroke":null,"strokeWidth":1,"strokeDashArray":null,"strokeLineCap":"butt","strokeDashOffset":0,"strokeLineJoin":"miter","strokeMiterLimit":4,"scaleX":1.5,"scaleY":1.51,"angle":0,"flipX":false,"flipY":false,"opacity":1,"shadow":null,"visible":true,"clipTo":null,"backgroundColor":"","fillRule":"nonzero","paintFirst":"fill","globalCompositeOperation":"source-over","transformMatrix":null,"skewX":0,"skewY":0,"rx":92.5,"ry":92.5,"inverted":false,"absolutePositioned":false},"crossOrigin":"","cropX":0,"cropY":0,"src":"https://containeruatstorage.blob.core.chinacloudapi.cn/remy/images/pic.png","filters":[]},{"type":"rect","version":"3.4.0","originX":"center","originY":"center","left":0,"top":0,"width":185,"height":185,"fill":"rgba(0,0,0,0)","stroke":"#000000","strokeWidth":0,"strokeDashArray":null,"strokeLineCap":"butt","strokeDashOffset":0,"strokeLineJoin":"miter","strokeMiterLimit":4,"scaleX":1,"scaleY":1,"angle":0,"flipX":false,"flipY":false,"opacity":1,"shadow":"","visible":true,"clipTo":null,"backgroundColor":"","fillRule":"nonzero","paintFirst":"fill","globalCompositeOperation":"source-over","transformMatrix":null,"skewX":0,"skewY":0,"rx":92.5,"ry":92.5}],"mytype":"image","mode":"scaleToFill","url":"https://containeruatstorage.blob.core.chinacloudapi.cn/remy/images/pic.png","rx":92.5,"oldScaleX":0.6654676258992805,"oldScaleY":0.6630824372759857,"myshadow":""},{"type":"group","version":"3.4.0","originX":"center","originY":"center","left":375,"top":994.16,"width":500,"height":34.32,"fill":"rgba(0,0,0,0)","stroke":"#000000","strokeWidth":0,"strokeDashArray":null,"strokeLineCap":"butt","strokeDashOffset":0,"strokeLineJoin":"miter","strokeMiterLimit":4,"scaleX":1,"scaleY":1,"angle":0,"flipX":false,"flipY":false,"opacity":1,"shadow":"","visible":true,"clipTo":null,"backgroundColor":"","fillRule":"nonzero","paintFirst":"fill","globalCompositeOperation":"source-over","transformMatrix":null,"skewX":0,"skewY":0,"objects":[{"type":"rect","version":"3.4.0","originX":"center","originY":"center","left":0,"top":0,"width":500,"height":34.32,"fill":"rgba(0,0,0,0)","stroke":"#000000","strokeWidth":0,"strokeDashArray":null,"strokeLineCap":"butt","strokeDashOffset":0,"strokeLineJoin":"miter","strokeMiterLimit":4,"scaleX":1,"scaleY":1,"angle":0,"flipX":false,"flipY":false,"opacity":1,"shadow":"","visible":true,"clipTo":null,"backgroundColor":"","fillRule":"nonzero","paintFirst":"fill","globalCompositeOperation":"source-over","transformMatrix":null,"skewX":0,"skewY":0,"rx":0,"ry":0},{"type":"textbox","version":"3.4.0","originX":"center","originY":"center","left":0,"top":-3.6,"width":500,"height":27.12,"fill":"#000000","stroke":null,"strokeWidth":1,"strokeDashArray":null,"strokeLineCap":"butt","strokeDashOffset":0,"strokeLineJoin":"miter","strokeMiterLimit":4,"scaleX":1,"scaleY":1,"angle":0,"flipX":false,"flipY":false,"opacity":1,"shadow":"","visible":true,"clipTo":null,"backgroundColor":"","fillRule":"nonzero","paintFirst":"fill","globalCompositeOperation":"source-over","transformMatrix":null,"skewX":0,"skewY":0,"text":"2021/01/09","fontSize":24,"fontWeight":"normal","fontFamily":"","fontStyle":"normal","lineHeight":1.3,"underline":false,"overline":false,"linethrough":false,"textAlign":"left","textBackgroundColor":"","charSpacing":0,"minWidth":20,"splitByGrapheme":true,"styles":{},"maxLines":1,"textDecoration":"none","textStyle":"fill"}],"mytype":"textGroup","oldText":"2021/01/09","rx":0,"myshadow":""},{"type":"group","version":"3.4.0","originX":"center","originY":"center","left":375,"top":1021.16,"width":500,"height":34.32,"fill":"rgba(0,0,0,0)","stroke":"#000000","strokeWidth":0,"strokeDashArray":null,"strokeLineCap":"butt","strokeDashOffset":0,"strokeLineJoin":"miter","strokeMiterLimit":4,"scaleX":1,"scaleY":1,"angle":0,"flipX":false,"flipY":false,"opacity":1,"shadow":"","visible":true,"clipTo":null,"backgroundColor":"","fillRule":"nonzero","paintFirst":"fill","globalCompositeOperation":"source-over","transformMatrix":null,"skewX":0,"skewY":0,"objects":[{"type":"rect","version":"3.4.0","originX":"center","originY":"center","left":0,"top":0,"width":500,"height":34.32,"fill":"rgba(0,0,0,0)","stroke":"#000000","strokeWidth":0,"strokeDashArray":null,"strokeLineCap":"butt","strokeDashOffset":0,"strokeLineJoin":"miter","strokeMiterLimit":4,"scaleX":1,"scaleY":1,"angle":0,"flipX":false,"flipY":false,"opacity":1,"shadow":"","visible":true,"clipTo":null,"backgroundColor":"","fillRule":"nonzero","paintFirst":"fill","globalCompositeOperation":"source-over","transformMatrix":null,"skewX":0,"skewY":0,"rx":0,"ry":0},{"type":"textbox","version":"3.4.0","originX":"center","originY":"center","left":0,"top":-3.6,"width":500,"height":27.12,"fill":"#000000","stroke":null,"strokeWidth":1,"strokeDashArray":null,"strokeLineCap":"butt","strokeDashOffset":0,"strokeLineJoin":"miter","strokeMiterLimit":4,"scaleX":1,"scaleY":1,"angle":0,"flipX":false,"flipY":false,"opacity":1,"shadow":"","visible":true,"clipTo":null,"backgroundColor":"","fillRule":"nonzero","paintFirst":"fill","globalCompositeOperation":"source-over","transformMatrix":null,"skewX":0,"skewY":0,"text":"NO.3838292737","fontSize":24,"fontWeight":"normal","fontFamily":"","fontStyle":"normal","lineHeight":1.3,"underline":false,"overline":false,"linethrough":false,"textAlign":"left","textBackgroundColor":"","charSpacing":0,"minWidth":20,"splitByGrapheme":true,"styles":{},"maxLines":1,"textDecoration":"none","textStyle":"fill"}],"mytype":"textGroup","oldText":"NO.3838292737","rx":0,"myshadow":""},{"type":"group","version":"3.4.0","originX":"center","originY":"center","left":375.5,"top":585.88,"width":351,"height":45.76,"fill":"rgba(0,0,0,0)","stroke":"#000000","strokeWidth":0,"strokeDashArray":null,"strokeLineCap":"butt","strokeDashOffset":0,"strokeLineJoin":"miter","strokeMiterLimit":4,"scaleX":1,"scaleY":1,"angle":0,"flipX":false,"flipY":false,"opacity":1,"shadow":"","visible":true,"clipTo":null,"backgroundColor":"","fillRule":"nonzero","paintFirst":"fill","globalCompositeOperation":"source-over","transformMatrix":null,"skewX":0,"skewY":0,"objects":[{"type":"rect","version":"3.4.0","originX":"center","originY":"center","left":0,"top":0,"width":351,"height":45.76,"fill":"rgba(0,0,0,0)","stroke":"#000000","strokeWidth":0,"strokeDashArray":null,"strokeLineCap":"butt","strokeDashOffset":0,"strokeLineJoin":"miter","strokeMiterLimit":4,"scaleX":1,"scaleY":1,"angle":0,"flipX":false,"flipY":false,"opacity":1,"shadow":"","visible":true,"clipTo":null,"backgroundColor":"","fillRule":"nonzero","paintFirst":"fill","globalCompositeOperation":"source-over","transformMatrix":null,"skewX":0,"skewY":0,"rx":0,"ry":0},{"type":"textbox","version":"3.4.0","originX":"center","originY":"center","left":0,"top":-4.8,"width":351,"height":36.16,"fill":"#000000","stroke":null,"strokeWidth":1,"strokeDashArray":null,"strokeLineCap":"butt","strokeDashOffset":0,"strokeLineJoin":"miter","strokeMiterLimit":4,"scaleX":1,"scaleY":1,"angle":0,"flipX":false,"flipY":false,"opacity":1,"shadow":"","visible":true,"clipTo":null,"backgroundColor":"","fillRule":"nonzero","paintFirst":"fill","globalCompositeOperation":"source-over","transformMatrix":null,"skewX":0,"skewY":0,"text":"哈哈哈","fontSize":32,"fontWeight":"bold","fontFamily":"","fontStyle":"normal","lineHeight":1.3,"underline":false,"overline":false,"linethrough":false,"textAlign":"center","textBackgroundColor":"","charSpacing":0,"minWidth":20,"splitByGrapheme":true,"styles":{},"maxLines":1,"textDecoration":"none","textStyle":"fill"}],"mytype":"textGroup","oldText":"哈哈哈","rx":0,"myshadow":""}],"background":"#f8f8f8","canvas":{"width":"750","height":"1326"}}